id,name,username,profilePicture,email,phone,address,birthdate,isActive
aefede46-0abc-445b-a310-fb60cad9af75,Ray Lemke,Ray_Lemke,https://avatars.githubusercontent.com/u/56292743,Nora.Ebert56@gmail.com,486-327-3984 x1546,"{'street': '23414 Watsica Ranch', 'city': 'New Antonia', 'state': 'Georgia', 'zip': '98425-8166', 'coordinates': {'lat': '4.4914', 'lon': '34.2438'}}",1930-01-22,False
928e543c-ef66-47ee-bc62-2e9cf611f1de,Shaun Stiedemann,Shaun92,https://cdn.jsdelivr.net/gh/faker-js/assets-person-portrait/male/512/80.jpg,Bernadette25@yahoo.com,1-773-236-4517 x155,"{'street': '385 Lang Plains', 'city': 'Abdulmouth', 'state': 'Rhode Island', 'zip': '47329-2360', 'coordinates': {'lat': '61.5345', 'lon': '67.5066'}}",1945-06-12,True
b51beb0f-2730-4151-925e-686ff837d350,Dedric O&#x27;Keefe,Dedric.OKeefe,https://cdn.jsdelivr.net/gh/faker-js/assets-person-portrait/female/512/8.jpg,Kiara33@yahoo.com,1-901-286-6270 x704,"{'street': '91307 S Main Street', 'city': 'Oshkosh', 'state': 'Ohio', 'zip': '04792-0352', 'coordinates': {'lat': '-84.4169', 'lon': '168.6995'}}",1916-02-05,True
54a0d473-4bc3-477b-a808-3d943bb81796,Cory Lynch,Cory_Lynch,https://avatars.githubusercontent.com/u/55582038,Westley17@yahoo.com,1-998-291-9173 x7077,"{'street': '6764 Aliya Fall', 'city': 'New Cali', 'state': 'South Carolina', 'zip': '14507-3670', 'coordinates': {'lat': '-24.1837', 'lon': '-135.9012'}}",1937-06-14,True
f7fed986-8407-4070-9d05-69459e7849fe,Lance Gleason,Lance.Gleason,https://avatars.githubusercontent.com/u/63687046,Austen.Kerluke47@gmail.com,401.813.7579,"{'street': '23405 Klein Unions', 'city': 'McClurestad', 'state': 'Kentucky', 'zip': '61590', 'coordinates': {'lat': '7.7686', 'lon': '124.2526'}}",1918-12-21,True
c0840891-3ae8-4b37-a138-312722c037cd,Kaci Champlin,Kaci_Champlin,https://avatars.githubusercontent.com/u/28232693,Mose_Gibson-Gottlieb42@hotmail.com,335.383.5243,"{'street': '9717 Omer Loop', 'city': 'Lefflerside', 'state': 'Indiana', 'zip': '47465-7328', 'coordinates': {'lat': '58.4773', 'lon': '-54.0353'}}",1938-10-17,False
3d260d89-be32-4a01-8da4-39fd517c9a8f,Leilani Bergnaum,Leilani.Bergnaum48,https://avatars.githubusercontent.com/u/95423751,Jedediah_Rohan@yahoo.com,(915) 946-1303,"{'street': '2178 Robin Overpass', 'city': 'Noemitown', 'state': 'Missouri', 'zip': '33384', 'coordinates': {'lat': '-10.7385', 'lon': '83.6149'}}",1944-12-09,False
4e0e151f-b506-43fa-9a06-03b0d0658138,Birdie Hackett,Birdie_Hackett,https://cdn.jsdelivr.net/gh/faker-js/assets-person-portrait/female/512/5.jpg,Trey_Satterfield@yahoo.com,(408) 828-1381 x8424,"{'street': '7539 DuBuque Row', 'city': 'Rosarioboro', 'state': 'Georgia', 'zip': '19489', 'coordinates': {'lat': '85.4859', 'lon': '139.2881'}}",1936-03-12,True
f23e3614-9563-42d2-b77c-3efb4f69caad,Ericka Metz,Ericka_Metz,https://avatars.githubusercontent.com/u/77484686,Jude.OHara51@yahoo.com,960.430.9024 x750,"{'street': '44563 Hammes Hills', 'city': 'New Casey', 'state': 'Michigan', 'zip': '64744', 'coordinates': {'lat': '56.4451', 'lon': '131.9842'}}",1923-11-28,False
b5cd6e83-2470-4de7-afbb-131e3c1b8ad1,Eino Douglas,Eino85,https://cdn.jsdelivr.net/gh/faker-js/assets-person-portrait/female/512/54.jpg,Adriana_Cole@gmail.com,1-222-695-4445 x488,"{'street': '341 Kozey Drive', 'city': 'Claireland', 'state': 'Maine', 'zip': '02629', 'coordinates': {'lat': '3.7356', 'lon': '-60.5725'}}",2017-04-15,True
fc8351fa-dc8c-48be-9a04-7834fe29e07f,Lamont O&#x27;Conner,Lamont_OConner34,https://avatars.githubusercontent.com/u/50563613,Meredith.Gibson15@yahoo.com,1-958-333-1916 x194,"{'street': '6040 Cromwell Road', 'city': 'Pomona', 'state': 'Georgia', 'zip': '37735', 'coordinates': {'lat': '45.1081', 'lon': '64.8539'}}",2001-06-24,False
2f670164-ff70-4d3d-8ef5-346c54420267,Ramiro Keebler,Ramiro_Keebler49,https://cdn.jsdelivr.net/gh/faker-js/assets-person-portrait/female/512/61.jpg,Keegan24@yahoo.com,601-823-9922 x26529,"{'street': '166 Church Road', 'city': 'Vallejo', 'state': 'Alabama', 'zip': '00835-6682', 'coordinates': {'lat': '18.9499', 'lon': '105.5087'}}",1910-05-18,False
6a06eefa-ead1-47e4-9a5c-a9fa8b5a9645,Elian Kutch,Elian_Kutch,https://avatars.githubusercontent.com/u/1160896,Kamron.Kuphal6@yahoo.com,1-236-301-2282 x257,"{'street': '7510 First Avenue', 'city': 'Kaceyview', 'state': 'Colorado', 'zip': '88415-2416', 'coordinates': {'lat': '-45.4533', 'lon': '73.1692'}}",1935-10-02,False
3639cdda-d221-4088-880b-1b1378c7ac03,Lonzo Gleichner,Lonzo.Gleichner,https://avatars.githubusercontent.com/u/77128393,Lavon84@hotmail.com,290.821.4980 x9600,"{'street': '360 Wilfred Dale', 'city': 'Saginaw', 'state': 'Michigan', 'zip': '66091', 'coordinates': {'lat': '-61.8777', 'lon': '-139.2498'}}",1963-10-03,False
09cabc9d-dd93-4b2a-830f-29c12e369507,Flavio Rosenbaum,Flavio_Rosenbaum44,https://cdn.jsdelivr.net/gh/faker-js/assets-person-portrait/female/512/22.jpg,Elyssa94@hotmail.com,(622) 849-3666 x87207,"{'street': '859 Hirthe Cliff', 'city': 'Manuelfield', 'state': 'Tennessee', 'zip': '61240-4865', 'coordinates': {'lat': '20.4516', 'lon': '-4.9785'}}",1965-04-28,False
efd0aae7-499c-466f-880a-d5e6d8f3288f,Furman Hyatt,Furman_Hyatt,https://avatars.githubusercontent.com/u/41622368,Sean_Flatley45@hotmail.com,780.524.2513 x26123,"{'street': '97416 Dortha Springs', 'city': 'Lucieside', 'state': 'Louisiana', 'zip': '04372', 'coordinates': {'lat': '-80.7128', 'lon': '16.8686'}}",1980-08-18,True
0f93b3a7-d100-4490-bcd3-9fc61236dc9f,Jermey Conn,Jermey_Conn,https://cdn.jsdelivr.net/gh/faker-js/assets-person-portrait/female/512/98.jpg,Eleazar.Schiller15@hotmail.com,880-488-9615 x47423,"{'street': '71343 Natasha Causeway', 'city': 'Lake Amara', 'state': 'Nevada', 'zip': '72978', 'coordinates': {'lat': '-73.614', 'lon': '164.8146'}}",1942-11-09,False
ef5d7639-d02f-4781-ba78-b64c291ed63b,Mossie Waelchi,Mossie.Waelchi54,https://avatars.githubusercontent.com/u/97215168,Donny.Schultz16@gmail.com,(356) 717-8454,"{'street': '6481 Rosalinda Crescent', 'city': 'North Saviontown', 'state': 'Rhode Island', 'zip': '33149-2725', 'coordinates': {'lat': '-13.4674', 'lon': '108.8063'}}",1978-11-21,True
964ae44d-f8d0-44a6-9fb5-f7f1a4b18bbe,Camilla Hoeger-Windler,Camilla.Hoeger-Windler12,https://cdn.jsdelivr.net/gh/faker-js/assets-person-portrait/female/512/6.jpg,Minnie.Sauer89@gmail.com,876-840-5718 x3639,"{'street': '28242 The Orchard', 'city': 'D&#x27;Amoretown', 'state': 'Tennessee', 'zip': '88453-1797', 'coordinates': {'lat': '14.6743', 'lon': '-55.7887'}}",1964-11-08,False
1cde1d28-4868-4fde-8182-959cf0d16794,Wiley Bergstrom,Wiley_Bergstrom62,https://avatars.githubusercontent.com/u/83664963,Geo81@yahoo.com,1-765-657-6974 x8939,"{'street': '275 Emilia Port', 'city': 'Gardnerburgh', 'state': 'New Mexico', 'zip': '01074-9553', 'coordinates': {'lat': '-9.611', 'lon': '-101.7084'}}",2006-10-08,False
634b39e9-bfeb-46ac-b4c4-d7ba4f8506f3,Lina Price,Lina_Price,https://avatars.githubusercontent.com/u/36317233,Destiney.OReilly66@gmail.com,238.667.0732 x1246,"{'street': '54786 W Lake Street', 'city': 'South Augusta', 'state': 'Maine', 'zip': '27559-4593', 'coordinates': {'lat': '-54.8064', 'lon': '-165.2015'}}",1947-05-19,False
038a94d2-c75a-4537-a23e-11ca0dcc93c8,Marian Mayert,Marian.Mayert,https://cdn.jsdelivr.net/gh/faker-js/assets-person-portrait/male/512/59.jpg,Donato5@gmail.com,261.234.6996,"{'street': '3485 Walter Haven', 'city': 'Commerce City', 'state': 'Michigan', 'zip': '45448-7248', 'coordinates': {'lat': '-6.7338', 'lon': '15.8827'}}",1977-09-15,False
059e01f0-5e99-4ea4-85ca-076614f23c07,Marie Botsford,Marie13,https://cdn.jsdelivr.net/gh/faker-js/assets-person-portrait/male/512/62.jpg,Antonina.Rowe@yahoo.com,348-518-1195 x283,"{'street': '7900 Heathcote Groves', 'city': 'Port Carley', 'state': 'Arkansas', 'zip': '42150', 'coordinates': {'lat': '37.8841', 'lon': '-106.6346'}}",1932-01-25,False
049a272b-bb8a-4ad6-a82e-8f3b92bff4a8,Lavonne Cassin,Lavonne_Cassin,https://cdn.jsdelivr.net/gh/faker-js/assets-person-portrait/female/512/23.jpg,Rachelle.Hirthe45@gmail.com,305-530-4833 x275,"{'street': '19725 Billie Square', 'city': 'Lake Edythe', 'state': 'Missouri', 'zip': '76034', 'coordinates': {'lat': '34.2018', 'lon': '-47.4173'}}",1954-06-03,True
90a9656b-b3fd-4034-9664-b620a10199ca,Manuela Glover,Manuela_Glover44,https://cdn.jsdelivr.net/gh/faker-js/assets-person-portrait/female/512/61.jpg,Elvis18@yahoo.com,1-879-321-4037 x5520,"{'street': '383 The Causeway', 'city': 'Jordyboro', 'state': 'Kansas', 'zip': '95594', 'coordinates': {'lat': '43.9879', 'lon': '138.5878'}}",1961-11-01,False
b3ac3f3c-7999-4e99-8292-ca67b4b7c73d,Corine Blanda,Corine_Blanda89,https://cdn.jsdelivr.net/gh/faker-js/assets-person-portrait/female/512/86.jpg,Selina_Sporer46@yahoo.com,(458) 839-3419 x4779,"{'street': '844 Westgate', 'city': 'Spring Valley', 'state': 'Wyoming', 'zip': '45088-4335', 'coordinates': {'lat': '9.2623', 'lon': '125.3779'}}",1900-12-10,True
7f007112-b31a-4743-91a9-c938e2889a22,Israel Crona,Israel62,https://cdn.jsdelivr.net/gh/faker-js/assets-person-portrait/female/512/0.jpg,Consuelo55@gmail.com,(853) 761-7682,"{'street': '3845 West Gateway', 'city': 'Syblestad', 'state': 'Florida', 'zip': '31851', 'coordinates': {'lat': '76.426', 'lon': '-156.5933'}}",1950-03-14,True
36ffcd9b-5f35-42d7-afb3-8dfbf370e1de,Grover Lemke,Grover.Lemke63,https://cdn.jsdelivr.net/gh/faker-js/assets-person-portrait/male/512/27.jpg,Lenna64@yahoo.com,(992) 934-8484 x9825,"{'street': '3214 Quarry Lane', 'city': 'East Careyview', 'state': 'Delaware', 'zip': '36969', 'coordinates': {'lat': '-78.8006', 'lon': '-48.1561'}}",1926-12-05,True
892bafd9-b03e-4ebe-9ecb-53a933142759,Mathilde Padberg,Mathilde_Padberg,https://cdn.jsdelivr.net/gh/faker-js/assets-person-portrait/female/512/86.jpg,Estevan_Muller41@hotmail.com,242-619-7047,"{'street': '8427 Kaley Burg', 'city': 'Port Jaylen', 'state': 'West Virginia', 'zip': '72921', 'coordinates': {'lat': '-84.8784', 'lon': '80.6815'}}",2006-04-25,False
361ddfa7-8cb3-48f2-9d87-447452e0d5bf,Hester Kohler,Hester_Kohler,https://cdn.jsdelivr.net/gh/faker-js/assets-person-portrait/male/512/44.jpg,Madie.Legros71@gmail.com,747-699-6695 x70919,"{'street': '78484 Heller Village', 'city': 'Kansas City', 'state': 'Pennsylvania', 'zip': '74956-4855', 'coordinates': {'lat': '-3.2489', 'lon': '-4.0975'}}",1976-07-03,True
7c863ec8-fea2-4165-bd31-845ace89d33d,Leola Bayer,Leola.Bayer,https://cdn.jsdelivr.net/gh/faker-js/assets-person-portrait/male/512/71.jpg,Kian_Cassin81@yahoo.com,1-900-259-8022 x6308,"{'street': '56089 Fairfield Road', 'city': 'South Dessie', 'state': 'Maryland', 'zip': '27495', 'coordinates': {'lat': '1.1243', 'lon': '98.6779'}}",1960-02-12,False
843f3ca9-cef0-4ac2-99ff-1ea1e67bc08b,Darion Thiel,Darion_Thiel,https://cdn.jsdelivr.net/gh/faker-js/assets-person-portrait/female/512/19.jpg,Duncan.Heaney@hotmail.com,583-624-4095 x35279,"{'street': '1082 Kent Road', 'city': 'Brionnaburgh', 'state': 'North Dakota', 'zip': '48826-7349', 'coordinates': {'lat': '35.5395', 'lon': '30.7581'}}",1921-07-06,True
f26eb87e-ac34-4a23-a23c-c137bd15af9f,Patrick Hermann,Patrick_Hermann,https://avatars.githubusercontent.com/u/77696002,Antonia75@yahoo.com,1-766-330-4894 x4044,"{'street': '25692 Frida Port', 'city': 'East Christian', 'state': 'Hawaii', 'zip': '78680-4508', 'coordinates': {'lat': '-34.0974', 'lon': '96.9977'}}",2020-12-25,True
fff8c532-cdb7-4bd4-974a-5d8955a5fc0a,Kaycee Buckridge,Kaycee_Buckridge,https://avatars.githubusercontent.com/u/72347017,Wilbert9@gmail.com,1-624-842-7200,"{'street': '446 Forest Avenue', 'city': 'The Villages', 'state': 'Utah', 'zip': '28643', 'coordinates': {'lat': '50.7395', 'lon': '59.1831'}}",1940-03-08,True
b49e8f1e-b8be-4c7a-ac29-b7f11e4609df,Wilfred MacGyver,Wilfred.MacGyver95,https://cdn.jsdelivr.net/gh/faker-js/assets-person-portrait/male/512/65.jpg,Turner70@yahoo.com,1-797-380-2795 x79065,"{'street': '66472 Church Avenue', 'city': 'Sammamish', 'state': 'Oregon', 'zip': '57162', 'coordinates': {'lat': '13.0496', 'lon': '96.517'}}",1978-03-06,False
78683d7c-e45b-4199-ab07-9fcc0fc5f778,Ethan Grady,Ethan.Grady2,https://avatars.githubusercontent.com/u/22299179,Niko_Gulgowski65@gmail.com,(280) 698-2894 x9898,"{'street': '7596 1st Street', 'city': 'North Presleytown', 'state': 'Wisconsin', 'zip': '13900', 'coordinates': {'lat': '-55.0645', 'lon': '-160.1674'}}",1991-04-03,True
985722bb-63d6-41e9-bbc5-433132d4ca7a,Ima Hagenes,Ima81,https://avatars.githubusercontent.com/u/11808699,Derrick.Labadie@hotmail.com,(251) 873-0937,"{'street': '4013 Monte Haven', 'city': 'Kunzemouth', 'state': 'Florida', 'zip': '57040-6335', 'coordinates': {'lat': '-84.908', 'lon': '-167.1842'}}",2002-01-10,True
51b1a4cd-f9ed-404a-ba6e-70690946c713,Nelson Schiller,Nelson_Schiller,https://avatars.githubusercontent.com/u/33407861,Gerardo.Hermiston75@yahoo.com,1-445-811-3241 x479,"{'street': '320 Mathias Mission', 'city': 'Torphycester', 'state': 'Florida', 'zip': '96239-0039', 'coordinates': {'lat': '-30.7566', 'lon': '138.7667'}}",1980-06-20,False
02eb80af-9908-487f-b1f8-7777d6a08ab9,Lulu Kling,Lulu16,https://avatars.githubusercontent.com/u/43882481,Eleazar.Jerde-Lesch68@hotmail.com,1-246-970-2464 x51642,"{'street': '462 Harrison Street', 'city': 'New Lambert', 'state': 'Colorado', 'zip': '19161', 'coordinates': {'lat': '85.2841', 'lon': '57.0997'}}",1961-09-17,False
07aed105-938e-491b-89e3-6e6520dada00,Johann Johnson,Johann_Johnson,https://avatars.githubusercontent.com/u/31899468,Terrance66@gmail.com,(425) 765-7171 x12781,"{'street': '915 Stamm Hollow', 'city': 'East Ginaton', 'state': 'Colorado', 'zip': '14576', 'coordinates': {'lat': '-57.2134', 'lon': '53.9549'}}",1940-02-04,True
45861632-50e2-4474-a5e0-50e980649f58,River Mann,River_Mann,https://cdn.jsdelivr.net/gh/faker-js/assets-person-portrait/male/512/1.jpg,Jess_Doyle@gmail.com,310-657-5912 x2596,"{'street': '1347 Trisha Garden', 'city': 'New Uriel', 'state': 'West Virginia', 'zip': '23086-6163', 'coordinates': {'lat': '-57.2066', 'lon': '-118.1851'}}",1904-09-29,True
2be2a583-c4aa-4e8b-8521-d69363ff1df0,Destiney Johnston,Destiney2,https://cdn.jsdelivr.net/gh/faker-js/assets-person-portrait/female/512/23.jpg,Stella_Reilly@gmail.com,1-822-983-8571 x33514,"{'street': '731 N Railroad Street', 'city': 'Hadleyfield', 'state': 'Kansas', 'zip': '58960-8783', 'coordinates': {'lat': '-82.9826', 'lon': '-165.7447'}}",1957-02-21,True
15aa7217-62cf-4072-8627-9e29a32793ff,Malika Ledner,Malika88,https://cdn.jsdelivr.net/gh/faker-js/assets-person-portrait/male/512/41.jpg,Alexandria16@gmail.com,1-231-598-4454 x938,"{'street': '110 Hamill Course', 'city': 'Anjaliland', 'state': 'Alabama', 'zip': '06597-0645', 'coordinates': {'lat': '28.0725', 'lon': '128.9478'}}",1983-03-30,False
7e63e2bf-2ce2-4fe6-960a-8136cb6b27bf,Eugenia Stoltenberg,Eugenia.Stoltenberg89,https://avatars.githubusercontent.com/u/61659210,Jedediah.Hane@gmail.com,236.998.2330 x58051,"{'street': '715 Torphy Hills', 'city': 'Port Kelvin', 'state': 'Florida', 'zip': '22088', 'coordinates': {'lat': '59.0961', 'lon': '52.336'}}",1920-08-28,True
97d7c080-2936-4976-953f-f8b692b883bd,Manley Haag,Manley_Haag25,https://avatars.githubusercontent.com/u/88140723,Joanne.Bernhard12@gmail.com,734-567-9441 x3125,"{'street': '3226 Cemetery Road', 'city': 'Kassulkemouth', 'state': 'Oklahoma', 'zip': '48399', 'coordinates': {'lat': '58.8004', 'lon': '-106.9411'}}",2017-08-01,True
727c6441-a3f9-43a8-b923-8043eadd0b37,Hilario Luettgen,Hilario.Luettgen10,https://cdn.jsdelivr.net/gh/faker-js/assets-person-portrait/male/512/10.jpg,Nella.Ziemann91@yahoo.com,209.671.3092,"{'street': '495 Frami Camp', 'city': 'Yorba Linda', 'state': 'Utah', 'zip': '28360-9076', 'coordinates': {'lat': '41.1601', 'lon': '-94.2622'}}",1932-11-30,True
2aab6848-5067-4a55-b9ce-6d500e55784d,Hazel Rutherford,Hazel_Rutherford,https://avatars.githubusercontent.com/u/58285169,Sophia.Larkin@hotmail.com,970.754.5967 x58408,"{'street': '155 N Washington Street', 'city': 'Lennieburgh', 'state': 'Missouri', 'zip': '53503', 'coordinates': {'lat': '-86.1013', 'lon': '-169.1429'}}",2003-10-06,False
6fa92cc7-c91a-4183-b40a-3dfea2b6af40,Herman Osinski,Herman.Osinski,https://cdn.jsdelivr.net/gh/faker-js/assets-person-portrait/female/512/67.jpg,Marques_Gerhold42@yahoo.com,214-613-0300 x999,"{'street': '7355 S 2nd Street', 'city': 'Boulder', 'state': 'Utah', 'zip': '85461-0298', 'coordinates': {'lat': '-18.9108', 'lon': '-86.3843'}}",1913-12-13,False
8a1c7054-e928-4242-9839-6e2c3992374c,Stewart Glover,Stewart_Glover,https://cdn.jsdelivr.net/gh/faker-js/assets-person-portrait/male/512/0.jpg,Rosanna.Flatley@yahoo.com,(870) 882-2260 x1669,"{'street': '4824 Walter Parkway', 'city': 'Rickfield', 'state': 'Illinois', 'zip': '73235', 'coordinates': {'lat': '-42.181', 'lon': '-73.6531'}}",2021-07-06,False
acf7f81b-97f6-40a3-ab45-fbc9f6b900cf,Lou Kozey,Lou60,https://cdn.jsdelivr.net/gh/faker-js/assets-person-portrait/male/512/56.jpg,Ladarius_Swaniawski@yahoo.com,1-202-553-2009 x32097,"{'street': '495 Waterside', 'city': 'New David', 'state': 'Rhode Island', 'zip': '42043-4090', 'coordinates': {'lat': '-63.6027', 'lon': '-158.722'}}",2002-12-21,False
9b391c95-1748-4ddd-bff3-8b0dc2da32f5,Marilyne Morissette,Marilyne.Morissette58,https://avatars.githubusercontent.com/u/3359926,Kamren18@gmail.com,687.315.5001,"{'street': '4944 King Street', 'city': 'East Armani', 'state': 'Arkansas', 'zip': '36335', 'coordinates': {'lat': '66.7019', 'lon': '-141.1667'}}",2000-06-16,True
6b7f2f13-10c2-4f23-92ed-c599d2b56be0,Vallie Vandervort,Vallie.Vandervort79,https://cdn.jsdelivr.net/gh/faker-js/assets-person-portrait/male/512/44.jpg,Estelle15@hotmail.com,954-365-0666,"{'street': '85760 Dale Street', 'city': 'South Turner', 'state': 'Alabama', 'zip': '23786-4901', 'coordinates': {'lat': '2.7339', 'lon': '2.0654'}}",1906-10-03,True
2af54884-728a-4d98-a82b-9804a0606f83,Davion Hoeger,Davion25,https://avatars.githubusercontent.com/u/3217971,Faye_Cummerata19@gmail.com,(872) 695-2282 x42129,"{'street': '733 Tyrese Manors', 'city': 'Giuseppestad', 'state': 'Tennessee', 'zip': '98747', 'coordinates': {'lat': '-45.0909', 'lon': '66.046'}}",1979-09-25,False
bfddde6e-9fd6-47e0-8e40-5a8117bc4492,Mallory Romaguera,Mallory.Romaguera17,https://avatars.githubusercontent.com/u/35301235,Leland.Mueller@gmail.com,848-728-3325 x2696,"{'street': '9013 E Center Street', 'city': 'Lake Gretchen', 'state': 'Vermont', 'zip': '14550-9117', 'coordinates': {'lat': '-13.0744', 'lon': '-26.6659'}}",1928-07-30,False
2b24f380-1fe3-4239-85f9-76aa411d3d2e,Norris Grant,Norris82,https://cdn.jsdelivr.net/gh/faker-js/assets-person-portrait/female/512/4.jpg,Oswaldo.Lakin96@hotmail.com,(747) 656-2345 x8139,"{'street': '889 Nasir Throughway', 'city': 'Lake Hal', 'state': 'Missouri', 'zip': '54011-2274', 'coordinates': {'lat': '7.0971', 'lon': '169.4721'}}",1958-05-28,True
21f1310d-56f1-4c5c-a3a5-a54640710526,Everett Mitchell,Everett.Mitchell,https://cdn.jsdelivr.net/gh/faker-js/assets-person-portrait/male/512/71.jpg,Chadrick.Stracke@gmail.com,(972) 470-5409 x2273,"{'street': '92006 W Monroe Street', 'city': 'Treport', 'state': 'Arkansas', 'zip': '92933', 'coordinates': {'lat': '40.1222', 'lon': '-87.8469'}}",1903-03-26,True
f43aafde-5b0b-4807-986c-07bd76a92a70,Edison Upton,Edison.Upton,https://avatars.githubusercontent.com/u/80074988,Pete.Jacobi2@yahoo.com,671-276-2081 x14965,"{'street': '846 Ali Groves', 'city': 'Dublin', 'state': 'Minnesota', 'zip': '26564', 'coordinates': {'lat': '-65.5221', 'lon': '46.0686'}}",1983-02-23,False
9304dd2f-190a-4d71-854a-58139ea44452,Soledad Klein,Soledad_Klein,https://cdn.jsdelivr.net/gh/faker-js/assets-person-portrait/male/512/59.jpg,Aliya67@yahoo.com,224-545-1829 x8276,"{'street': '931 Lubowitz Canyon', 'city': 'North Jovanyville', 'state': 'Kansas', 'zip': '67938-3617', 'coordinates': {'lat': '-47.5935', 'lon': '-49.4957'}}",1985-03-30,True
bf0fa306-9b79-4061-98f6-cbf3c7514fe3,Mellie Rogahn,Mellie53,https://cdn.jsdelivr.net/gh/faker-js/assets-person-portrait/male/512/40.jpg,Maryjane72@yahoo.com,451.682.5682 x827,"{'street': '1672 N 9th Street', 'city': 'Saulmouth', 'state': 'Iowa', 'zip': '09033-0819', 'coordinates': {'lat': '-65.8645', 'lon': '-11.5498'}}",1943-06-07,False
a103e8eb-3563-4ccb-a275-5e33db15a135,Harry Morissette,Harry.Morissette,https://cdn.jsdelivr.net/gh/faker-js/assets-person-portrait/male/512/78.jpg,Randall.Kessler37@yahoo.com,857.260.4710 x307,"{'street': '9214 Hoppe Ford', 'city': 'Fort Joan', 'state': 'Connecticut', 'zip': '60034-8690', 'coordinates': {'lat': '-84.6334', 'lon': '84.5743'}}",1954-05-10,True
3af47ef6-068a-4b2c-b5fb-38f74e6906ca,Kenton Kilback,Kenton85,https://avatars.githubusercontent.com/u/56150306,Dorothy.Thompson79@hotmail.com,1-515-537-1445 x47901,"{'street': '81967 Maritza Mission', 'city': 'Donnellyview', 'state': 'Nevada', 'zip': '10005', 'coordinates': {'lat': '-0.6547', 'lon': '-38.3326'}}",1921-01-09,False
145442c5-7570-481f-8a66-a978f6f3be32,Joe Carter,Joe_Carter67,https://cdn.jsdelivr.net/gh/faker-js/assets-person-portrait/male/512/29.jpg,Gennaro.Hackett22@yahoo.com,1-866-662-6011 x3819,"{'street': '52504 Herman Islands', 'city': 'Hemet', 'state': 'North Dakota', 'zip': '90825-8665', 'coordinates': {'lat': '58.7267', 'lon': '-35.5863'}}",1990-05-22,True
ba69a05e-fc7d-4d1b-86fe-f14a7d251821,Candace Schumm,Candace.Schumm,https://cdn.jsdelivr.net/gh/faker-js/assets-person-portrait/male/512/78.jpg,Citlalli.Carter@gmail.com,1-523-774-7554,"{'street': '69543 Dagmar Orchard', 'city': 'Skilesmouth', 'state': 'Texas', 'zip': '75618', 'coordinates': {'lat': '-27.6974', 'lon': '-63.4777'}}",1978-07-23,False
e6880bb0-9bf9-4ed8-9c2a-825cd276d8ea,Cleveland Reichert,Cleveland_Reichert56,https://avatars.githubusercontent.com/u/7867120,Rosalyn_Luettgen61@yahoo.com,871.348.1300 x8996,"{'street': '4256 E Main Street', 'city': 'O&#x27;Harashire', 'state': 'Nevada', 'zip': '71087-6091', 'coordinates': {'lat': '16.1708', 'lon': '13.2684'}}",1998-12-15,True
9dbf4737-18be-4922-80ea-ca63e52cbf6f,Madilyn Schuster,Madilyn.Schuster80,https://cdn.jsdelivr.net/gh/faker-js/assets-person-portrait/male/512/33.jpg,Bryon97@yahoo.com,(202) 891-4391 x01403,"{'street': '439 Verner Port', 'city': 'Karleyburgh', 'state': 'Connecticut', 'zip': '07973', 'coordinates': {'lat': '-64.5783', 'lon': '91.5168'}}",1901-04-26,False
a9da38c0-e757-4bcf-97c2-fe9513233ae0,Emmalee Raynor,Emmalee.Raynor35,https://cdn.jsdelivr.net/gh/faker-js/assets-person-portrait/female/512/15.jpg,Wilmer.Tremblay@gmail.com,1-288-364-7366,"{'street': '284 Beier Pine', 'city': 'Fort Flavie', 'state': 'Michigan', 'zip': '72458', 'coordinates': {'lat': '69.4013', 'lon': '9.1279'}}",1925-06-26,True
bba7b027-e54d-4bc6-9e5f-50eff37ebdca,Emelie Fay,Emelie.Fay,https://avatars.githubusercontent.com/u/71803306,Idella15@gmail.com,1-803-570-8695 x76857,"{'street': '772 Kari Track', 'city': 'East Hilma', 'state': 'Missouri', 'zip': '29674-7755', 'coordinates': {'lat': '26.9031', 'lon': '156.3524'}}",1918-02-25,False
a685ac9e-a6d4-4187-8170-ac3b112c9b0c,Elbert Kessler,Elbert_Kessler,https://cdn.jsdelivr.net/gh/faker-js/assets-person-portrait/female/512/3.jpg,Alyson.Bashirian@gmail.com,564.725.8233,"{'street': '49687 Dedrick Groves', 'city': 'Denafield', 'state': 'Missouri', 'zip': '96476', 'coordinates': {'lat': '50.3793', 'lon': '-126.4914'}}",1922-11-23,True
96d306c1-0f4a-4e57-99f2-a71a5112dc5f,Aron Jones,Aron.Jones,https://cdn.jsdelivr.net/gh/faker-js/assets-person-portrait/male/512/67.jpg,Roger.Wiegand@hotmail.com,990.248.9962 x54808,"{'street': '7424 Willow Road', 'city': 'North Ameliestad', 'state': 'Colorado', 'zip': '64414-8885', 'coordinates': {'lat': '70.1318', 'lon': '-97.1097'}}",1967-12-15,True
f554b6e0-1a5c-4d71-880b-cfac29ece2d1,Alena Johnston,Alena3,https://cdn.jsdelivr.net/gh/faker-js/assets-person-portrait/female/512/3.jpg,Eden13@hotmail.com,665-299-5024 x389,"{'street': '13567 Anjali Junctions', 'city': 'Lake Caraland', 'state': 'New Mexico', 'zip': '61511', 'coordinates': {'lat': '88.5183', 'lon': '-128.1109'}}",2017-04-28,False
8f985411-b3b5-4b7b-95c0-d42e451c0db8,Llewellyn Lind,Llewellyn_Lind48,https://avatars.githubusercontent.com/u/44303267,Armand28@yahoo.com,377-702-3265,"{'street': '475 Oakfield Road', 'city': 'Milpitas', 'state': 'Delaware', 'zip': '01672-2715', 'coordinates': {'lat': '-4.068', 'lon': '88.5329'}}",2021-04-25,False
c935554c-6816-470a-a6e8-604562a1de82,Ida Mueller,Ida79,https://avatars.githubusercontent.com/u/80696096,Monroe52@yahoo.com,(848) 209-6297 x25772,"{'street': '195 Stokes Crossroad', 'city': 'East Janiyatown', 'state': 'New Jersey', 'zip': '20028', 'coordinates': {'lat': '75.0695', 'lon': '29.8393'}}",1949-06-29,True
4bdcadb5-1979-4d2b-8ece-5eeaf643af28,Dimitri Ernser,Dimitri.Ernser48,https://avatars.githubusercontent.com/u/65945013,Jamel.Kihn@hotmail.com,(205) 357-0618,"{'street': '932 S 5th Street', 'city': 'New Dallin', 'state': 'Tennessee', 'zip': '39184', 'coordinates': {'lat': '48.5651', 'lon': '39.9965'}}",2009-09-12,True
1e5b1166-ceda-4924-be67-0a01f0c1f1ba,Ignacio Schmitt-Glover,Ignacio49,https://cdn.jsdelivr.net/gh/faker-js/assets-person-portrait/female/512/73.jpg,Ezekiel59@hotmail.com,1-490-551-1229 x4732,"{'street': '87734 Stark Pass', 'city': 'West Estell', 'state': 'Louisiana', 'zip': '09441-5151', 'coordinates': {'lat': '49.235', 'lon': '96.1549'}}",2003-09-27,False
da48d2fe-0b29-4236-a221-63a89b179451,Haven Nikolaus,Haven3,https://avatars.githubusercontent.com/u/65220116,Wilmer.Nolan27@gmail.com,592-842-7279 x419,"{'street': '10383 Candida Lodge', 'city': 'Port Murl', 'state': 'Iowa', 'zip': '32182-6398', 'coordinates': {'lat': '61.2379', 'lon': '-142.3307'}}",1935-08-29,True
ddf32c51-ad39-4caa-a417-503acd901d65,Jeremie Frami,Jeremie.Frami,https://avatars.githubusercontent.com/u/5309555,Andreanne.DAmore@yahoo.com,1-260-301-5831 x42788,"{'street': '1885 Yundt Expressway', 'city': 'Kuphalstead', 'state': 'Wyoming', 'zip': '29759', 'coordinates': {'lat': '-5.1836', 'lon': '30.2417'}}",1985-12-19,True
474269e4-ad9f-4b36-860f-f7fdf51e2ba7,Oswaldo Kuvalis,Oswaldo_Kuvalis79,https://avatars.githubusercontent.com/u/53075972,Mohamed73@gmail.com,(465) 474-4405 x542,"{'street': '566 Laila Views', 'city': 'Port Jasmin', 'state': 'Oregon', 'zip': '97025', 'coordinates': {'lat': '-58.8067', 'lon': '80.8285'}}",1908-01-30,True
48e78341-dc37-4bc6-a7d2-dd5699bc7ff2,Virginie Hammes,Virginie.Hammes,https://cdn.jsdelivr.net/gh/faker-js/assets-person-portrait/female/512/35.jpg,Landen.Ritchie76@hotmail.com,(678) 209-2691 x59451,"{'street': '278 Kutch Underpass', 'city': 'West Haleightown', 'state': 'Maine', 'zip': '69233-7343', 'coordinates': {'lat': '-47.9239', 'lon': '-13.1352'}}",1973-11-28,True
eda7777c-0b9b-4afa-b4c2-77ff5d9cfe2b,Sean Reichert,Sean97,https://avatars.githubusercontent.com/u/66104392,Turner.Kling85@gmail.com,(239) 544-3201 x568,"{'street': '870 Lynch Land', 'city': 'West Neha', 'state': 'Hawaii', 'zip': '93264-4501', 'coordinates': {'lat': '-41.0643', 'lon': '111.8441'}}",1901-12-28,False
65f85be2-b216-4a5a-8528-dce7d0b5a838,Maryse Swift,Maryse56,https://cdn.jsdelivr.net/gh/faker-js/assets-person-portrait/female/512/32.jpg,Logan.Walker@yahoo.com,1-564-211-9272 x34217,"{'street': '9659 Rosenbaum River', 'city': 'Adrienport', 'state': 'Arizona', 'zip': '91567-0104', 'coordinates': {'lat': '-35.9787', 'lon': '103.9175'}}",1960-10-17,True
36b18c95-b1a2-48d5-b757-534073220f96,Nicklaus McClure,Nicklaus_McClure58,https://cdn.jsdelivr.net/gh/faker-js/assets-person-portrait/male/512/38.jpg,Arjun65@gmail.com,513.764.6657 x967,"{'street': '6751 Hills Valley', 'city': 'Zakaryborough', 'state': 'Illinois', 'zip': '87990', 'coordinates': {'lat': '7.157', 'lon': '112.3003'}}",2008-11-08,True
1a0081a4-19d7-48b0-b34c-58bc378c99c4,Orie Gislason,Orie.Gislason49,https://cdn.jsdelivr.net/gh/faker-js/assets-person-portrait/male/512/60.jpg,Bria_Conroy@hotmail.com,1-321-703-0658 x40586,"{'street': '4793 Smitham Mount', 'city': 'Jamieland', 'state': 'South Dakota', 'zip': '26739', 'coordinates': {'lat': '8.3102', 'lon': '-97.5185'}}",1926-03-02,True
8c154e06-9de9-4194-b1b0-1123b68971fa,Rogers Ratke,Rogers85,https://avatars.githubusercontent.com/u/78823622,Santiago.Wunsch74@hotmail.com,1-406-797-3939 x3887,"{'street': '14672 The Copse', 'city': 'Ferryburgh', 'state': 'New Mexico', 'zip': '02682', 'coordinates': {'lat': '-41.1672', 'lon': '-7.6604'}}",1994-01-31,True
930c50ef-a4d2-4731-86c6-a1d9a1323632,Brenda Brakus,Brenda_Brakus22,https://avatars.githubusercontent.com/u/45286167,Lauryn_Bradtke@yahoo.com,1-638-700-5817 x3023,"{'street': '299 Kunze Wells', 'city': 'Alysaport', 'state': 'Nevada', 'zip': '79257', 'coordinates': {'lat': '-88.8774', 'lon': '70.765'}}",1946-01-24,False
63b83c45-0860-4118-b01b-f1892f94fde0,Harley Reichert,Harley_Reichert5,https://cdn.jsdelivr.net/gh/faker-js/assets-person-portrait/female/512/98.jpg,Dangelo_OConner@yahoo.com,918-600-9726,"{'street': '5463 O&#x27;Reilly Way', 'city': 'Monterey Park', 'state': 'Illinois', 'zip': '72345-5058', 'coordinates': {'lat': '84.6869', 'lon': '25.3721'}}",1990-05-03,True
8a6d6507-3134-4315-98a8-fdda0a8021cb,Darrion Deckow,Darrion_Deckow,https://avatars.githubusercontent.com/u/35465021,Audie.Yost22@yahoo.com,1-510-746-6521 x318,"{'street': '583 Fairfield Road', 'city': 'Southfield', 'state': 'Massachusetts', 'zip': '85093-1847', 'coordinates': {'lat': '-88.476', 'lon': '-70.1206'}}",1922-07-27,True
82405ded-f1a0-4e21-bba0-c26396236884,Paige Hamill,Paige_Hamill,https://cdn.jsdelivr.net/gh/faker-js/assets-person-portrait/female/512/61.jpg,Isaias.Casper@gmail.com,225-378-9061,"{'street': '10140 Ferry Hollow', 'city': 'Lake Lillian', 'state': 'New Jersey', 'zip': '14477-9401', 'coordinates': {'lat': '-36.2818', 'lon': '-57.5944'}}",1993-06-25,False
edca76f5-7ca6-4c50-898d-2a3895f7dbea,Milan Von,Milan67,https://avatars.githubusercontent.com/u/33151889,Dominic91@gmail.com,473-701-9497 x314,"{'street': '974 Kadin Villages', 'city': 'Schaumburg', 'state': 'Ohio', 'zip': '34531', 'coordinates': {'lat': '-15.6659', 'lon': '-4.2087'}}",1919-01-08,False
1f34663a-c4eb-42eb-9c3a-15e8b4a3ff3b,Nicholaus Boehm,Nicholaus.Boehm62,https://avatars.githubusercontent.com/u/826931,Clare.Effertz81@hotmail.com,1-300-570-3203 x781,"{'street': '6748 Deja Cove', 'city': 'Aidencester', 'state': 'Idaho', 'zip': '30307', 'coordinates': {'lat': '62.9021', 'lon': '86.5729'}}",1922-06-27,True
3091a777-f408-4ad7-9705-78b1674cb688,Makenna Konopelski,Makenna.Konopelski30,https://avatars.githubusercontent.com/u/67310619,Frida_Towne89@hotmail.com,461-905-6938 x28988,"{'street': '432 Labadie Valleys', 'city': 'North Joeton', 'state': 'Hawaii', 'zip': '68686-5620', 'coordinates': {'lat': '67.1548', 'lon': '145.6183'}}",1935-06-09,False
694e4b8d-f93f-4342-8c6e-71ab61fa718f,Sammy Bahringer,Sammy89,https://cdn.jsdelivr.net/gh/faker-js/assets-person-portrait/male/512/84.jpg,Guiseppe_Kunde@gmail.com,(405) 520-2980 x836,"{'street': '30591 Dicki Hollow', 'city': 'Alfonzochester', 'state': 'Utah', 'zip': '59528-0390', 'coordinates': {'lat': '-31.6834', 'lon': '137.0662'}}",1943-10-16,True
59d6fd9e-b9d1-4114-bb2d-a1536fb5a7b0,Sven Bosco,Sven98,https://avatars.githubusercontent.com/u/19882470,Mae89@yahoo.com,928.702.0563 x546,"{'street': '270 Nia Mountains', 'city': 'Port Emmalee', 'state': 'South Carolina', 'zip': '17000', 'coordinates': {'lat': '-55.587', 'lon': '-87.8941'}}",1938-11-28,True
16530ed8-9764-4c06-95ec-b42729ecbc29,Elda Gorczany,Elda.Gorczany,https://avatars.githubusercontent.com/u/40584312,Adrain46@yahoo.com,1-760-223-4752 x97885,"{'street': '618 Schneider Rest', 'city': 'New Marilieview', 'state': 'Arizona', 'zip': '12811-7336', 'coordinates': {'lat': '57.2931', 'lon': '2.1621'}}",1990-06-29,True
9cce3923-5a8e-4f39-a927-7a216a9be8ed,Santa Schroeder,Santa_Schroeder,https://cdn.jsdelivr.net/gh/faker-js/assets-person-portrait/male/512/82.jpg,Green.Gorczany75@hotmail.com,1-872-789-2132 x6559,"{'street': '4884 S Broadway', 'city': 'Lake Bertram', 'state': 'Maine', 'zip': '87428', 'coordinates': {'lat': '77.3045', 'lon': '-178.5239'}}",1904-05-18,False
17554520-381c-4fbc-b006-2fac02d84e07,Jordi Feeney,Jordi_Feeney,https://cdn.jsdelivr.net/gh/faker-js/assets-person-portrait/female/512/44.jpg,Favian_DAmore@hotmail.com,(521) 570-3760 x904,"{'street': '315 Lodge Lane', 'city': 'Decatur', 'state': 'New Mexico', 'zip': '20555', 'coordinates': {'lat': '32.2203', 'lon': '5.269'}}",1985-12-04,True
eea4a4f4-6cf8-49da-aa59-1ceb7d8203a9,Kennedi Dickens,Kennedi.Dickens,https://avatars.githubusercontent.com/u/9352026,Adella.Lueilwitz-Moen81@yahoo.com,(340) 540-7092 x6043,"{'street': '5782 Terry Route', 'city': 'Hermanworth', 'state': 'Kentucky', 'zip': '48420-9135', 'coordinates': {'lat': '65.3003', 'lon': '-56.6112'}}",2000-04-02,False
7995bc01-727e-4ac7-b4b3-e42b59a41f07,Merl Ebert,Merl_Ebert6,https://cdn.jsdelivr.net/gh/faker-js/assets-person-portrait/male/512/18.jpg,Waylon93@yahoo.com,1-274-264-7528 x4895,"{'street': '4262 Charity Track', 'city': 'Weimannview', 'state': 'Arkansas', 'zip': '99742-1313', 'coordinates': {'lat': '-56.0286', 'lon': '34.1961'}}",1953-02-07,True
35ed1818-d68a-4bb9-9419-0ca369d6a936,Joelle Mayert,Joelle_Mayert35,https://cdn.jsdelivr.net/gh/faker-js/assets-person-portrait/female/512/22.jpg,Fiona.Bogisich64@yahoo.com,955.987.4783 x745,"{'street': '111 N Park Street', 'city': 'Rueckerbury', 'state': 'New Hampshire', 'zip': '29366-8319', 'coordinates': {'lat': '6.5774', 'lon': '-66.1159'}}",2004-04-26,False
bddbc845-f464-4631-a23e-3379c3df651f,Ola Shields,Ola_Shields,https://avatars.githubusercontent.com/u/74925454,Declan38@gmail.com,610.782.1525 x699,"{'street': '515 Church View', 'city': 'East Reyna', 'state': 'Arkansas', 'zip': '02654', 'coordinates': {'lat': '0.2812', 'lon': '2.1198'}}",1923-02-14,True
fe8a8209-7c02-41a1-a3cb-4ac8a1bc8fd0,Lucas Lebsack,Lucas_Lebsack67,https://avatars.githubusercontent.com/u/5131100,Kevon_Greenfelder23@yahoo.com,737-696-1351 x1839,"{'street': '264 W Broadway Avenue', 'city': 'Jakubowskiworth', 'state': 'New York', 'zip': '51959', 'coordinates': {'lat': '-58.7007', 'lon': '73.3085'}}",1949-10-24,False
